date,season,home_team,away_team,home_score,away_score
2024-08-22,2425,Al Nassr,Al Raed,1,1
2024-08-22,2425,Al Taawoun,Al Fayha,1,0
2024-08-22,2425,Al Wehda,Al Riyadh,3,3
2024-08-23,2425,Al Ahli,Al Orobah,2,0
2024-08-23,2425,Al Qadsiah,Al Fateh,3,0
2024-08-23,2425,Damac,Al Khaleej,0,1
2024-08-24,2425,Al Kholood,Al Ittihad,0,1
2024-08-24,2425,Al Okhdood,Al Hilal,0,3
2024-08-24,2425,Al Shabab,Al Ettifaq,0,1
2024-08-27,2425,Al Fateh,Al Ahli,1,0
2024-08-27,2425,Al Fayha,Al Nassr,1,4
2024-08-27,2425,Al Raed,Al Qadsiah,0,1
2024-08-28,2425,Al Ettifaq,Al Okhdood,1,0
2024-08-28,2425,Al Hilal,Damac,3,2
2024-08-28,2425,Al Wehda,Al Orobah,2,1
2024-08-29,2425,Al Ittihad,Al Taawoun,2,1
2024-08-29,2425,Al Khaleej,Al Shabab,0,1
2024-08-29,2425,Al Riyadh,Al Kholood,3,1
2024-09-13,2425,Al Nassr,Al Ahli,1,1
2024-09-13,2425,Al Taawoun,Al Khaleej,2,0
2024-09-13,2425,Damac,Al Okhdood,3,1
2024-09-14,2425,Al Fateh,Al Ettifaq,1,2
2024-09-14,2425,Al Fayha,Al Raed,0,5
2024-09-14,2425,Al Riyadh,Al Hilal,0,3
2024-09-15,2425,Al Ittihad,Al Wehda,7,1
2024-09-15,2425,Al Kholood,Al Orobah,3,3
2024-09-15,2425,Al Qadsiah,Al Shabab,0,1
2024-09-19,2425,Al Okhdood,Al Qadsiah,0,0
2024-09-19,2425,Al Orobah,Al Fateh,1,0
2024-09-19,2425,Al Wehda,Al Kholood,0,1
2024-09-20,2425,Al Ahli,Damac,4,2
2024-09-20,2425,Al Ettifaq,Al Nassr,0,3
2024-09-20,2425,Al Khaleej,Al Fayha,0,0
2024-09-21,2425,Al Hilal,Al Ittihad,3,1
2024-09-21,2425,Al Raed,Al Riyadh,1,2
2024-09-21,2425,Al Shabab,Al Taawoun,1,0
2024-09-27,2425,Al Ittihad,Al Khaleej,4,1
2024-09-27,2425,Al Nassr,Al Wehda,2,0
2024-09-27,2425,Al Qadsiah,Al Ahli,1,0
2024-09-28,2425,Al Fateh,Al Okhdood,2,4
2024-09-28,2425,Al Kholood,Al Hilal,2,4
2024-09-28,2425,Al Orobah,Damac,1,0
2024-09-29,2425,Al Fayha,Al Riyadh,2,0
2024-09-29,2425,Al Shabab,Al Raed,2,1
2024-09-29,2425,Al Taawoun,Al Ettifaq,1,1
2024-10-03,2425,Al Ettifaq,Al Raed,0,1
2024-10-03,2425,Al Okhdood,Al Ittihad,1,2
2024-10-03,2425,Al Wehda,Al Fayha,2,2
2024-10-04,2425,Al Khaleej,Al Kholood,1,0
2024-10-04,2425,Al Riyadh,Al Qadsiah,2,1
2024-10-04,2425,Damac,Al Shabab,1,0
2024-10-05,2425,Al Ahli,Al Hilal,1,2
2024-10-05,2425,Al Nassr,Al Orobah,3,0
2024-10-05,2425,Al Taawoun,Al Fateh,2,0
2024-10-18,2425,Al Hilal,Al Fayha,3,0
2024-10-18,2425,Al Khaleej,Al Ahli,0,3
2024-10-18,2425,Al Shabab,Al Nassr,1,2
2024-10-19,2425,Al Ittihad,Al Qadsiah,3,1
2024-10-19,2425,Al Raed,Al Wehda,2,2
2024-10-19,2425,Damac,Al Taawoun,2,2
2024-10-20,2425,Al Ettifaq,Al Orobah,2,3
2024-10-20,2425,Al Fateh,Al Kholood,1,1
2024-10-20,2425,Al Okhdood,Al Riyadh,0,1
2024-10-24,2425,Al Orobah,Al Shabab,0,3
2024-10-24,2425,Al Riyadh,Al Ittihad,0,1
2024-10-24,2425,Al Wehda,Al Khaleej,1,3
2024-10-25,2425,Al Ahli,Al Okhdood,1,1
2024-10-25,2425,Al Kholood,Al Nassr,3,3
2024-10-25,2425,Al Qadsiah,Damac,2,1
2024-10-26,2425,Al Fayha,Al Ettifaq,1,1
2024-10-26,2425,Al Hilal,Al Taawoun,2,0
2024-10-26,2425,Al Raed,Al Fateh,2,1
2024-10-31,2425,Al Ittihad,Al Ahli,1,0
2024-10-31,2425,Al Okhdood,Al Orobah,4,0
2024-10-31,2425,Al Shabab,Al Wehda,3,1
2024-11-01,2425,Al Khaleej,Al Raed,4,0
2024-11-01,2425,Al Nassr,Al Hilal,1,1
2024-11-01,2425,Damac,Al Riyadh,2,2
2024-11-02,2425,Al Ettifaq,Al Qadsiah,0,2
2024-11-02,2425,Al Fateh,Al Fayha,1,1
2024-11-02,2425,Al Taawoun,Al Kholood,1,1
2024-11-07,2425,Al Kholood,Al Shabab,0,2
2024-11-07,2425,Al Orobah,Al Ittihad,0,2
2024-11-07,2425,Al Qadsiah,Al Fayha,2,0
2024-11-08,2425,Al Ahli,Al Raed,2,0
2024-11-08,2425,Al Hilal,Al Ettifaq,3,1
2024-11-08,2425,Al Riyadh,Al Nassr,0,1
2024-11-09,2425,Al Fateh,Al Khaleej,1,2
2024-11-09,2425,Al Taawoun,Al Okhdood,1,0
2024-11-09,2425,Al Wehda,Damac,2,3
2024-11-22,2425,Al Fayha,Al Ahli,0,1
2024-11-22,2425,Al Nassr,Al Qadsiah,1,2
2024-11-22,2425,Al Okhdood,Al Shabab,1,1
2024-11-23,2425,Al Khaleej,Al Hilal,3,2
2024-11-23,2425,Al Raed,Al Orobah,3,1
2024-11-23,2425,Al Wehda,Al Taawoun,1,0
2024-11-24,2425,Al Ittihad,Al Fateh,2,0
2024-11-24,2425,Al Riyadh,Al Ettifaq,0,0
2024-11-24,2425,Damac,Al Kholood,2,1
2024-11-28,2425,Al Fateh,Al Riyadh,1,2
2024-11-28,2425,Al Fayha,Al Orobah,0,1
2024-11-28,2425,Al Okhdood,Al Kholood,1,2
2024-11-29,2425,Al Ahli,Al Wehda,1,0
2024-11-29,2425,Al Nassr,Damac,2,0
2024-11-29,2425,Al Qadsiah,Al Khaleej,1,0
2024-11-30,2425,Al Ettifaq,Al Ittihad,0,4
2024-11-30,2425,Al Raed,Al Taawoun,0,1
2024-11-30,2425,Al Shabab,Al Hilal,1,2
2024-12-05,2425,Al Shabab,Al Fateh,2,2
2024-12-05,2425,Al Wehda,Al Okhdood,2,3
2024-12-05,2425,Damac,Al Fayha,2,2
2024-12-06,2425,Al Ittihad,Al Nassr,2,1
2024-12-06,2425,Al Kholood,Al Qadsiah,0,3
2024-12-06,2425,Al Orobah,Al Riyadh,0,1
2024-12-07,2425,Al Hilal,Al Raed,3,2
2024-12-07,2425,Al Khaleej,Al Ettifaq,1,2
2024-12-07,2425,Al Taawoun,Al Ahli,2,4
2025-01-09,2425,Al Fateh,Al Wehda,1,2
2025-01-09,2425,Al Nassr,Al Okhdood,3,1
2025-01-09,2425,Al Riyadh,Al Khaleej,2,2
2025-01-10,2425,Al Ahli,Al Shabab,3,2
2025-01-10,2425,Al Ettifaq,Al Kholood,2,3
2025-01-10,2425,Al Raed,Damac,0,2
2025-01-11,2425,Al Fayha,Al Ittihad,1,1
2025-01-11,2425,Al Orobah,Al Hilal,0,5
2025-01-11,2425,Al Qadsiah,Al Taawoun,0,3
2025-01-15,2425,Al Kholood,Al Ahli,1,0
2025-01-15,2425,Al Shabab,Al Riyadh,2,1
2025-01-15,2425,Damac,Al Ettifaq,0,3
2025-01-16,2425,Al Hilal,Al Fateh,9,0
2025-01-16,2425,Al Ittihad,Al Raed,4,1
2025-01-16,2425,Al Okhdood,Al Fayha,1,2
2025-01-17,2425,Al Khaleej,Al Orobah,3,0
2025-01-17,2425,Al Taawoun,Al Nassr,1,1
2025-01-17,2425,Al Wehda,Al Qadsiah,0,3
2025-01-20,2425,Al Ettifaq,Al Ahli,1,2
2025-01-20,2425,Al Fayha,Al Kholood,1,0
2025-01-20,2425,Al Raed,Al Okhdood,0,2
2025-01-21,2425,Al Hilal,Al Wehda,4,1
2025-01-21,2425,Al Khaleej,Al Nassr,1,3
2025-01-21,2425,Al Riyadh,Al Taawoun,1,0
2025-01-22,2425,Al Fateh,Damac,2,1
2025-01-22,2425,Al Ittihad,Al Shabab,2,1
2025-01-22,2425,Al Orobah,Al Qadsiah,0,2
2025-01-25,2425,Al Kholood,Al Raed,2,1
2025-01-25,2425,Al Wehda,Al Ettifaq,2,2
2025-01-26,2425,Al Ahli,Al Riyadh,5,0
2025-01-26,2425,Al Nassr,Al Fateh,3,1
2025-01-26,2425,Al Okhdood,Al Khaleej,1,2
2025-01-26,2425,Al Taawoun,Al Orobah,0,0
2025-01-27,2425,Al Qadsiah,Al Hilal,2,1
2025-01-27,2425,Al Shabab,Al Fayha,2,1
2025-01-27,2425,Damac,Al Ittihad,2,1
2025-01-30,2425,Al Orobah,Al Ahli,0,2
2025-01-30,2425,Al Raed,Al Nassr,1,2
2025-01-30,2425,Al Riyadh,Al Wehda,1,0
2025-01-31,2425,Al Ettifaq,Al Shabab,3,1
2025-01-31,2425,Al Fayha,Al Taawoun,0,0
2025-01-31,2425,Al Hilal,Al Okhdood,4,0
2025-02-01,2425,Al Fateh,Al Qadsiah,1,1
2025-02-01,2425,Al Ittihad,Al Kholood,4,3
2025-02-01,2425,Al Khaleej,Damac,1,1
2025-02-06,2425,Al Qadsiah,Al Raed,2,0
2025-02-06,2425,Al Shabab,Al Khaleej,5,1
2025-02-06,2425,Al Taawoun,Al Ittihad,1,2
2025-02-07,2425,Al Ahli,Al Fateh,2,0
2025-02-07,2425,Al Nassr,Al Fayha,3,0
2025-02-07,2425,Al Orobah,Al Wehda,4,2
2025-02-08,2425,Al Kholood,Al Riyadh,3,2
2025-02-08,2425,Al Okhdood,Al Ettifaq,0,2
2025-02-08,2425,Damac,Al Hilal,2,2
2025-02-13,2425,Al Ahli,Al Nassr,2,3
2025-02-13,2425,Al Okhdood,Damac,0,0
2025-02-13,2425,Al Shabab,Al Qadsiah,2,3
2025-02-14,2425,Al Ettifaq,Al Fateh,1,2
2025-02-14,2425,Al Hilal,Al Riyadh,1,1
2025-02-14,2425,Al Orobah,Al Kholood,2,0
2025-02-15,2425,Al Khaleej,Al Taawoun,0,1
2025-02-15,2425,Al Raed,Al Fayha,0,2
2025-02-15,2425,Al Wehda,Al Ittihad,1,4
2025-02-20,2425,Al Fateh,Al Orobah,1,0
2025-02-20,2425,Al Fayha,Al Khaleej,0,0
2025-02-20,2425,Al Riyadh,Al Raed,1,3
2025-02-21,2425,Al Nassr,Al Ettifaq,2,3
2025-02-21,2425,Al Qadsiah,Al Okhdood,2,0
2025-02-21,2425,Damac,Al Ahli,0,2
2025-02-22,2425,Al Ittihad,Al Hilal,4,1
2025-02-22,2425,Al Kholood,Al Wehda,1,0
2025-02-22,2425,Al Taawoun,Al Shabab,2,2
2025-02-24,2425,Al Okhdood,Al Fateh,1,3
2025-02-24,2425,Damac,Al Orobah,1,2
2025-02-25,2425,Al Ahli,Al Qadsiah,4,1
2025-02-25,2425,Al Hilal,Al Kholood,5,1
2025-02-25,2425,Al Raed,Al Shabab,1,2
2025-02-25,2425,Al Wehda,Al Nassr,0,2
2025-02-26,2425,Al Ettifaq,Al Taawoun,1,0
2025-02-26,2425,Al Khaleej,Al Ittihad,1,1
2025-02-26,2425,Al Riyadh,Al Fayha,0,0
2025-02-28,2425,Al Hilal,Al Ahli,2,3
2025-02-28,2425,Al Orobah,Al Nassr,0,0
2025-02-28,2425,Al Shabab,Damac,2,0
2025-03-01,2425,Al Fateh,Al Taawoun,1,2
2025-03-01,2425,Al Fayha,Al Wehda,0,0
2025-03-01,2425,Al Kholood,Al Khaleej,2,1
2025-03-02,2425,Al Ittihad,Al Okhdood,1,1
2025-03-02,2425,Al Qadsiah,Al Riyadh,1,0
2025-03-02,2425,Al Raed,Al Ettifaq,1,1
2025-03-06,2425,Al Kholood,Al Fateh,2,1
2025-03-06,2425,Al Qadsiah,Al Ittihad,1,1
2025-03-06,2425,Al Wehda,Al Raed,3,1
2025-03-07,2425,Al Ahli,Al Khaleej,2,2
2025-03-07,2425,Al Fayha,Al Hilal,0,2
2025-03-07,2425,Al Nassr,Al Shabab,2,2
2025-03-08,2425,Al Orobah,Al Ettifaq,1,2
2025-03-08,2425,Al Riyadh,Al Okhdood,1,0
2025-03-08,2425,Al Taawoun,Damac,3,0
2025-03-13,2425,Al Fateh,Al Raed,3,1
2025-03-13,2425,Al Ittihad,Al Riyadh,2,1
2025-03-13,2425,Al Shabab,Al Orobah,6,0
2025-03-14,2425,Al Khaleej,Al Wehda,0,2
2025-03-14,2425,Al Nassr,Al Kholood,3,1
2025-03-14,2425,Damac,Al Qadsiah,1,0
2025-03-15,2425,Al Ettifaq,Al Fayha,0,2
2025-03-15,2425,Al Okhdood,Al Ahli,2,1
2025-03-15,2425,Al Taawoun,Al Hilal,0,2
2025-04-04,2425,Al Hilal,Al Nassr,1,3
2025-04-04,2425,Al Kholood,Al Taawoun,0,2
2025-04-04,2425,Al Orobah,Al Okhdood,0,1
2025-04-05,2425,Al Ahli,Al Ittihad,2,2
2025-04-05,2425,Al Qadsiah,Al Ettifaq,1,1
2025-04-05,2425,Al Riyadh,Damac,0,0
2025-04-06,2425,Al Fayha,Al Fateh,1,1
2025-04-06,2425,Al Raed,Al Khaleej,1,2
2025-04-06,2425,Al Wehda,Al Shabab,1,3
2025-04-10,2425,Al Ittihad,Al Orobah,2,0
2025-04-10,2425,Al Shabab,Al Kholood,2,0
2025-04-10,2425,Damac,Al Wehda,0,1
2025-04-11,2425,Al Ettifaq,Al Hilal,1,1
2025-04-11,2425,Al Okhdood,Al Taawoun,1,1
2025-04-11,2425,Al Raed,Al Ahli,0,2
2025-04-12,2425,Al Fayha,Al Qadsiah,2,1
2025-04-12,2425,Al Khaleej,Al Fateh,1,5
2025-04-12,2425,Al Nassr,Al Riyadh,2,1
2025-04-17,2425,Al Ettifaq,Al Riyadh,1,0
2025-04-17,2425,Al Fateh,Al Ittihad,2,0
2025-04-17,2425,Al Hilal,Al Khaleej,3,0
2025-04-17,2425,Al Shabab,Al Okhdood,0,0
2025-04-18,2425,Al Ahli,Al Fayha,5,0
2025-04-18,2425,Al Kholood,Damac,1,3
2025-04-18,2425,Al Qadsiah,Al Nassr,2,1
2025-04-19,2425,Al Orobah,Al Raed,0,4
2025-04-19,2425,Al Taawoun,Al Wehda,0,2
2025-04-21,2425,Al Hilal,Al Shabab,2,2
2025-04-21,2425,Al Ittihad,Al Ettifaq,3,2
2025-04-22,2425,Al Wehda,Al Ahli,2,3
2025-04-22,2425,Damac,Al Nassr,2,3
2025-04-23,2425,Al Khaleej,Al Qadsiah,1,1
2025-04-23,2425,Al Kholood,Al Okhdood,0,1
2025-04-23,2425,Al Riyadh,Al Fateh,2,2
2025-04-24,2425,Al Orobah,Al Fayha,2,2
2025-04-24,2425,Al Taawoun,Al Raed,4,3
2025-05-01,2425,Al Fateh,Al Shabab,3,1
2025-05-01,2425,Al Okhdood,Al Wehda,1,2
2025-05-01,2425,Al Riyadh,Al Orobah,2,4
2025-05-02,2425,Al Ettifaq,Al Khaleej,2,1
2025-05-02,2425,Al Fayha,Damac,2,1
2025-05-02,2425,Al Qadsiah,Al Kholood,4,1
2025-05-07,2425,Al Ahli,Al Taawoun,2,0
2025-05-07,2425,Al Nassr,Al Ittihad,2,3
2025-05-07,2425,Al Raed,Al Hilal,3,5
2025-05-10,2425,Al Khaleej,Al Riyadh,1,2
2025-05-10,2425,Al Kholood,Al Ettifaq,1,0
2025-05-10,2425,Al Wehda,Al Fateh,1,0
2025-05-11,2425,Al Ittihad,Al Fayha,3,0
2025-05-11,2425,Al Shabab,Al Ahli,3,1
2025-05-11,2425,Al Taawoun,Al Qadsiah,0,1
2025-05-11,2425,Damac,Al Raed,1,0
2025-05-12,2425,Al Hilal,Al Orobah,4,0
2025-05-12,2425,Al Okhdood,Al Nassr,0,9
2025-05-15,2425,Al Qadsiah,Al Wehda,3,1
2025-05-15,2425,Al Raed,Al Ittihad,1,3
2025-05-15,2425,Al Riyadh,Al Shabab,1,3
2025-05-16,2425,Al Fateh,Al Hilal,3,4
2025-05-16,2425,Al Nassr,Al Taawoun,1,1
2025-05-16,2425,Al Orobah,Al Khaleej,1,2
2025-05-17,2425,Al Ahli,Al Kholood,4,1
2025-05-17,2425,Al Ettifaq,Damac,0,0
2025-05-17,2425,Al Fayha,Al Okhdood,2,0
2025-05-20,2425,Al Qadsiah,Al Orobah,3,1
2025-05-20,2425,Al Shabab,Al Ittihad,2,3
2025-05-20,2425,Al Taawoun,Al Riyadh,3,2
2025-05-21,2425,Al Kholood,Al Fayha,2,0
2025-05-21,2425,Al Nassr,Al Khaleej,2,0
2025-05-21,2425,Al Wehda,Al Hilal,1,1
2025-05-22,2425,Al Ahli,Al Ettifaq,1,3
2025-05-22,2425,Al Okhdood,Al Raed,1,0
2025-05-22,2425,Damac,Al Fateh,0,1
2025-05-26,2425,Al Ettifaq,Al Wehda,2,1
2025-05-26,2425,Al Fateh,Al Nassr,3,2
2025-05-26,2425,Al Fayha,Al Shabab,0,2
2025-05-26,2425,Al Hilal,Al Qadsiah,2,0
2025-05-26,2425,Al Ittihad,Damac,1,0
2025-05-26,2425,Al Khaleej,Al Okhdood,2,3
2025-05-26,2425,Al Orobah,Al Taawoun,3,2
2025-05-26,2425,Al Raed,Al Kholood,1,2
2025-05-26,2425,Al Riyadh,Al Ahli,0,1
2025-08-28,2526,Al Ahli,Neom SC,1,0
2025-08-28,2526,Al Ettifaq,Al Kholood,2,1
2025-08-28,2526,Damac,Al Hazem,1,1
2025-08-29,2526,Al Hilal,Al Riyadh,2,0
2025-08-29,2526,Al Shabab,Al Khaleej,1,4
2025-08-29,2526,Al Taawoun,Al Nassr,0,5
2025-08-30,2526,Al Fateh,Al Fayha,1,2
2025-08-30,2526,Al Okhdood,Al Ittihad,2,5
2025-08-30,2526,Al Qadsiah,Al Najma,3,1
2025-09-12,2526,Al Ettifaq,Al Ahli,0,0
2025-09-12,2526,Al Ittihad,Al Fateh,4,2
2025-09-12,2526,Al Shabab,Al Hazem,1,0
2025-09-13,2526,Al Hilal,Al Qadsiah,2,2
2025-09-13,2526,Al Khaleej,Al Fayha,3,0
2025-09-13,2526,Al Okhdood,Al Taawoun,2,3
2025-09-14,2526,Al Nassr,Al Kholood,2,0
2025-09-14,2526,Al Riyadh,Al Najma,2,1
2025-09-14,2526,Damac,Neom SC,1,2
2025-09-18,2526,Al Kholood,Damac,2,1
2025-09-18,2526,Al Taawoun,Al Ettifaq,4,1
2025-09-18,2526,Neom SC,Al Okhdood,1,0
2025-09-19,2526,Al Ahli,Al Hilal,3,3
2025-09-19,2526,Al Fayha,Al Shabab,0,0
2025-09-19,2526,Al Qadsiah,Al Khaleej,2,1
2025-09-20,2526,Al Hazem,Al Fateh,0,0
2025-09-20,2526,Al Najma,Al Ittihad,0,1
2025-09-20,2526,Al Nassr,Al Riyadh,5,1
2025-09-25,2526,Al Hilal,Al Okhdood,3,1
2025-09-25,2526,Al Khaleej,Al Taawoun,0,1
2025-09-25,2526,Al Shabab,Al Kholood,1,2
2025-09-26,2526,Al Hazem,Al Ahli,0,2
2025-09-26,2526,Al Ittihad,Al Nassr,0,2
2025-09-26,2526,Damac,Al Ettifaq,1,3
2025-09-27,2526,Al Fateh,Al Qadsiah,0,1
2025-09-27,2526,Al Najma,Al Fayha,1,2
2025-09-27,2526,Al Riyadh,Neom SC,2,3
2025-10-17,2526,Al Ahli,Al Shabab,1,1
2025-10-17,2526,Al Fayha,Al Ittihad,1,1
2025-10-17,2526,Al Kholood,Al Najma,5,1
2025-10-18,2526,Al Ettifaq,Al Hilal,0,5
2025-10-18,2526,Al Nassr,Al Fateh,5,1
2025-10-18,2526,Al Okhdood,Al Hazem,1,2
2025-10-19,2526,Al Khaleej,Al Riyadh,4,1
2025-10-19,2526,Al Taawoun,Damac,6,1
2025-10-19,2526,Neom SC,Al Qadsiah,1,3
2025-10-23,2526,Al Fayha,Al Taawoun,1,2
2025-10-23,2526,Al Najma,Al Ahli,0,1
2025-10-23,2526,Al Riyadh,Al Kholood,1,0
2025-10-24,2526,Al Fateh,Al Ettifaq,2,1
2025-10-24,2526,Al Ittihad,Al Hilal,0,2
2025-10-24,2526,Neom SC,Al Khaleej,1,1
2025-10-25,2526,Al Hazem,Al Nassr,0,2
2025-10-25,2526,Al Qadsiah,Al Okhdood,0,0
2025-10-25,2526,Al Shabab,Damac,1,1
2025-10-30,2526,Al Ahli,Al Riyadh,1,1
2025-10-30,2526,Al Kholood,Neom SC,2,3
2025-10-30,2526,Damac,Al Fateh,1,1
2025-10-31,2526,Al Ettifaq,Al Hazem,2,2
2025-10-31,2526,Al Hilal,Al Shabab,1,0
2025-10-31,2526,Al Okhdood,Al Najma,2,1
2025-11-01,2526,Al Khaleej,Al Ittihad,4,4
2025-11-01,2526,Al Nassr,Al Fayha,2,1
2025-11-01,2526,Al Taawoun,Al Qadsiah,2,0
2025-11-06,2526,Al Hazem,Al Khaleej,1,4
2025-11-06,2526,Al Qadsiah,Al Kholood,4,0
2025-11-06,2526,Al Riyadh,Damac,1,1
2025-11-07,2526,Al Fateh,Al Taawoun,2,5
2025-11-07,2526,Al Fayha,Al Okhdood,2,0
2025-11-07,2526,Al Najma,Al Hilal,2,4
2025-11-08,2526,Al Ittihad,Al Ahli,0,1
2025-11-08,2526,Al Shabab,Al Ettifaq,1,1
2025-11-08,2526,Neom SC,Al Nassr,1,3
2025-11-21,2526,Al Ahli,Al Qadsiah,2,1
2025-11-21,2526,Al Ittihad,Al Riyadh,2,1
2025-11-21,2526,Al Kholood,Al Hazem,1,2
2025-11-22,2526,Al Ettifaq,Al Fayha,3,2
2025-11-22,2526,Al Hilal,Al Fateh,2,1
2025-11-22,2526,Damac,Al Najma,0,0
2025-11-23,2526,Al Nassr,Al Khaleej,4,1
2025-11-23,2526,Al Okhdood,Al Shabab,1,1
2025-11-23,2526,Al Taawoun,Neom SC,1,1
2025-12-25,2526,Al Fayha,Al Hazem,0,0
2025-12-25,2526,Al Riyadh,Al Ettifaq,0,2
2025-12-25,2526,Neom SC,Al Najma,2,1
2025-12-26,2526,Al Fateh,Al Ahli,2,1
2025-12-26,2526,Al Hilal,Al Khaleej,3,2
2025-12-26,2526,Al Kholood,Al Taawoun,0,2
2025-12-27,2526,Al Ittihad,Al Shabab,2,0
2025-12-27,2526,Al Nassr,Al Okhdood,3,0
2025-12-27,2526,Al Qadsiah,Damac,1,1
2025-12-29,2526,Al Khaleej,Al Fateh,0,1
2025-12-29,2526,Al Riyadh,Al Hazem,1,2
2025-12-29,2526,Al Taawoun,Al Najma,1,0
2025-12-30,2526,Al Ahli,Al Fayha,2,0
2025-12-30,2526,Al Ettifaq,Al Nassr,2,2
2025-12-30,2526,Al Okhdood,Damac,0,1
2025-12-31,2526,Al Kholood,Al Hilal,1,3
2025-12-31,2526,Al Shabab,Al Qadsiah,2,3
2025-12-31,2526,Neom SC,Al Ittihad,1,3
2026-01-02,2526,Al Ahli,Al Nassr,3,2
2026-01-02,2526,Al Ettifaq,Al Okhdood,2,0
2026-01-02,2526,Al Najma,Al Khaleej,2,2
2026-01-03,2526,Al Fateh,Al Shabab,2,0
2026-01-03,2526,Al Fayha,Al Kholood,0,5
2026-01-03,2526,Al Ittihad,Al Taawoun,1,0
2026-01-04,2526,Al Hazem,Neom SC,1,2
2026-01-04,2526,Al Qadsiah,Al Riyadh,4,0
2026-01-04,2526,Damac,Al Hilal,0,2
2026-01-08,2526,Al Hilal,Al Hazem,3,0
2026-01-08,2526,Al Najma,Al Ettifaq,3,4
2026-01-08,2526,Al Nassr,Al Qadsiah,1,2
2026-01-09,2526,Al Khaleej,Damac,4,0
2026-01-09,2526,Al Kholood,Al Ittihad,0,4
2026-01-09,2526,Al Taawoun,Al Shabab,2,0
2026-01-10,2526,Al Okhdood,Al Ahli,0,1
2026-01-10,2526,Al Riyadh,Al Fayha,1,1
2026-01-10,2526,Neom SC,Al Fateh,0,1
2026-01-12,2526,Al Ettifaq,Al Khaleej,1,2
2026-01-12,2526,Al Hazem,Al Najma,3,2
2026-01-12,2526,Al Hilal,Al Nassr,3,1
2026-01-13,2526,Al Fateh,Al Riyadh,3,1
2026-01-13,2526,Al Okhdood,Al Kholood,1,0
2026-01-13,2526,Damac,Al Ittihad,1,1
2026-01-14,2526,Al Ahli,Al Taawoun,2,1
2026-01-14,2526,Al Qadsiah,Al Fayha,5,0
2026-01-14,2526,Al Shabab,Neom SC,3,2
2026-01-16,2526,Al Ittihad,Al Ettifaq,0,1
2026-01-16,2526,Al Khaleej,Al Okhdood,4,1
2026-01-16,2526,Al Najma,Al Fateh,1,1
2026-01-17,2526,Al Fayha,Damac,1,1
2026-01-17,2526,Al Kholood,Al Ahli,0,1
2026-01-17,2526,Al Nassr,Al Shabab,3,2
2026-01-18,2526,Al Hazem,Al Qadsiah,1,5
2026-01-18,2526,Al Riyadh,Al Taawoun,1,3
2026-01-18,2526,Neom SC,Al Hilal,1,2
2026-01-20,2526,Al Ahli,Al Khaleej,4,1
2026-01-20,2526,Al Fateh,Al Kholood,2,5
2026-01-20,2526,Al Shabab,Al Najma,0,0
2026-01-21,2526,Al Ettifaq,Neom SC,0,0
2026-01-21,2526,Al Okhdood,Al Riyadh,2,2
2026-01-21,2526,Damac,Al Nassr,1,2
2026-01-22,2526,Al Hilal,Al Fayha,4,1
2026-01-22,2526,Al Qadsiah,Al Ittihad,2,1
2026-01-22,2526,Al Taawoun,Al Hazem,2,2
2026-01-24,2526,Al Khaleej,Al Shabab,0,0
2026-01-24,2526,Al Kholood,Al Ettifaq,1,2
2026-01-24,2526,Neom SC,Al Ahli,0,3
2026-01-25,2526,Al Fayha,Al Fateh,2,0
2026-01-25,2526,Al Najma,Al Qadsiah,1,3
2026-01-25,2526,Al Riyadh,Al Hilal,1,1
2026-01-26,2526,Al Hazem,Damac,2,1
2026-01-26,2526,Al Ittihad,Al Okhdood,2,1
2026-01-26,2526,Al Nassr,Al Taawoun,1,0
2026-01-28,2526,Al Ahli,Al Ettifaq,4,0
2026-01-28,2526,Al Fayha,Al Khaleej,3,1
2026-01-28,2526,Al Najma,Al Riyadh,1,1
2026-01-29,2526,Al Fateh,Al Ittihad,2,2
2026-01-29,2526,Al Hazem,Al Shabab,0,4
2026-01-29,2526,Al Qadsiah,Al Hilal,2,2
2026-01-30,2526,Al Kholood,Al Nassr,0,3
2026-01-30,2526,Al Taawoun,Al Okhdood,1,0
2026-01-30,2526,Neom SC,Damac,3,0
2026-02-01,2526,Al Fateh,Al Hazem,1,1
2026-02-01,2526,Al Ittihad,Al Najma,1,0
2026-02-01,2526,Al Shabab,Al Fayha,1,0
2026-02-02,2526,Al Hilal,Al Ahli,0,0
2026-02-02,2526,Al Okhdood,Neom SC,1,1
2026-02-02,2526,Al Riyadh,Al Nassr,0,1
2026-02-03,2526,Al Ettifaq,Al Taawoun,1,0
2026-02-03,2526,Al Khaleej,Al Qadsiah,0,1
2026-02-03,2526,Damac,Al Kholood,0,0
2026-02-05,2526,Al Ahli,Al Hazem,2,0
2026-02-05,2526,Al Fayha,Al Najma,3,0
2026-02-05,2526,Al Okhdood,Al Hilal,0,6
2026-02-06,2526,Al Ettifaq,Damac,2,0
2026-02-06,2526,Al Nassr,Al Ittihad,2,0
2026-02-06,2526,Neom SC,Al Riyadh,1,0
2026-02-07,2526,Al Kholood,Al Shabab,1,0
2026-02-07,2526,Al Qadsiah,Al Fateh,1,1
2026-02-07,2526,Al Taawoun,Al Khaleej,1,1
2026-02-12,2526,Al Hazem,Al Okhdood,2,1
2026-02-12,2526,Al Qadsiah,Neom SC,1,0
2026-02-12,2526,Damac,Al Taawoun,2,1
2026-02-13,2526,Al Hilal,Al Ettifaq,2,0
2026-02-13,2526,Al Ittihad,Al Fayha,2,1
2026-02-13,2526,Al Shabab,Al Ahli,2,5
2026-02-14,2526,Al Fateh,Al Nassr,0,2
2026-02-14,2526,Al Najma,Al Kholood,2,1
2026-02-14,2526,Al Riyadh,Al Khaleej,1,1
2026-02-19,2526,Al Ahli,Al Najma,4,1
2026-02-19,2526,Al Ettifaq,Al Fateh,4,3
2026-02-19,2526,Al Kholood,Al Riyadh,0,2
2026-02-20,2526,Al Okhdood,Al Qadsiah,2,4
2026-02-20,2526,Al Taawoun,Al Fayha,2,3
2026-02-20,2526,Damac,Al Shabab,1,3
2026-02-21,2526,Al Hilal,Al Ittihad,1,1
2026-02-21,2526,Al Khaleej,Neom SC,0,1
2026-02-21,2526,Al Nassr,Al Hazem,4,0
2026-02-23,2526,Al Fateh,Al Okhdood,2,1
2026-02-23,2526,Al Qadsiah,Al Ettifaq,4,0
2026-02-23,2526,Al Shabab,Al Riyadh,3,1
2026-02-23,2526,Damac,Al Ahli,0,1
2026-02-24,2526,Al Hazem,Al Ittihad,1,1
2026-02-24,2526,Al Khaleej,Al Kholood,2,3
2026-02-24,2526,Al Taawoun,Al Hilal,1,1
2026-02-25,2526,Al Fayha,Neom SC,1,1
2026-02-25,2526,Al Najma,Al Nassr,0,5
2026-02-26,2526,Al Fateh,Damac,1,1
2026-02-26,2526,Al Riyadh,Al Ahli,0,1
2026-02-27,2526,Al Hazem,Al Ettifaq,3,1
2026-02-27,2526,Al Ittihad,Al Khaleej,1,0
2026-02-27,2526,Al Shabab,Al Hilal,3,5
2026-02-28,2526,Al Fayha,Al Nassr,1,3
2026-02-28,2526,Al Najma,Al Okhdood,1,3
2026-02-28,2526,Al Qadsiah,Al Taawoun,1,1
2026-02-28,2526,Neom SC,Al Kholood,1,2
2026-03-05,2526,Damac,Al Riyadh,3,0
2026-03-06,2526,Al Ahli,Al Ittihad,3,1
2026-03-06,2526,Al Hilal,Al Najma,4,0
2026-03-06,2526,Al Khaleej,Al Hazem,2,1
2026-03-06,2526,Al Taawoun,Al Fateh,3,2
2026-03-07,2526,Al Ettifaq,Al Shabab,1,1
2026-03-07,2526,Al Kholood,Al Qadsiah,1,4
2026-03-07,2526,Al Nassr,Neom SC,1,0
2026-03-07,2526,Al Okhdood,Al Fayha,0,5
2026-03-12,2526,Al Hazem,Al Kholood,2,1
2026-03-12,2526,Al Najma,Damac,1,3
2026-03-12,2526,Neom SC,Al Taawoun,2,2
2026-03-13,2526,Al Fayha,Al Ettifaq,1,0
2026-03-13,2526,Al Qadsiah,Al Ahli,3,2
2026-03-13,2526,Al Riyadh,Al Ittihad,3,1
2026-03-14,2526,Al Fateh,Al Hilal,0,1
2026-03-14,2526,Al Khaleej,Al Nassr,0,5
2026-03-14,2526,Al Shabab,Al Okhdood,2,0
2026-04-03,2526,Al Ittihad,Al Hazem,1,0
2026-04-03,2526,Al Kholood,Al Khaleej,2,2
2026-04-03,2526,Al Nassr,Al Najma,5,2
2026-04-04,2526,Al Ahli,Damac,3,0
2026-04-04,2526,Al Hilal,Al Taawoun,2,2
2026-04-04,2526,Neom SC,Al Fayha,1,0
2026-04-05,2526,Al Ettifaq,Al Qadsiah,3,2
2026-04-05,2526,Al Okhdood,Al Fateh,1,0
2026-04-05,2526,Al Riyadh,Al Shabab,1,1
2026-04-08,2526,Al Fayha,Al Ahli,1,1
2026-04-08,2526,Al Hilal,Al Kholood,6,0
2026-04-08,2526,Al Ittihad,Neom SC,3,4
2026-04-09,2526,Al Ettifaq,Al Riyadh,2,3
2026-04-09,2526,Damac,Al Qadsiah,1,1
2026-04-11,2526,Al Hazem,Al Fayha,2,0
2026-04-11,2526,Al Najma,Neom SC,2,1
2026-04-11,2526,Al Okhdood,Al Nassr,0,2
2026-04-11,2526,Al Taawoun,Al Kholood,1,2
2026-04-14,2526,Al Qadsiah,Al Shabab,2,2
2026-04-15,2526,Al Nassr,Al Ettifaq,1,0
2026-04-23,2526,Al Najma,Al Taawoun,1,2
2026-04-23,2526,Damac,Al Okhdood,2,0
2026-04-24,2526,Al Fateh,Al Khaleej,1,0
2026-04-24,2526,Al Hazem,Al Riyadh,2,1
2026-04-28,2526,Al Hilal,Damac,1,0
2026-04-28,2526,Al Khaleej,Al Najma,3,1
2026-04-28,2526,Al Shabab,Al Fateh,1,1
2026-04-28,2526,Neom SC,Al Hazem,1,1
2026-04-29,2526,Al Nassr,Al Ahli,2,0
2026-04-29,2526,Al Riyadh,Al Qadsiah,0,4
2026-04-29,2526,Al Taawoun,Al Ittihad,0,2
2026-04-30,2526,Al Kholood,Al Fayha,1,1
2026-04-30,2526,Al Okhdood,Al Ettifaq,1,3
2026-05-02,2526,Al Fateh,Neom SC,2,2
2026-05-02,2526,Al Hazem,Al Hilal,0,3
2026-05-02,2526,Damac,Al Khaleej,0,2
2026-05-03,2526,Al Ahli,Al Okhdood,4,0
2026-05-03,2526,Al Qadsiah,Al Nassr,3,1
2026-05-03,2526,Al Shabab,Al Taawoun,1,5
2026-05-04,2526,Al Ettifaq,Al Najma,0,0
2026-05-04,2526,Al Fayha,Al Riyadh,4,2
2026-05-04,2526,Al Ittihad,Al Kholood,0,0
2026-05-05,2526,Al Khaleej,Al Hilal,1,2
2026-05-06,2526,Al Ahli,Al Fateh,3,1
2026-05-07,2526,Al Shabab,Al Nassr,2,4
2026-05-09,2526,Al Fayha,Al Qadsiah,1,2
2026-05-09,2526,Al Khaleej,Al Ettifaq,0,5
2026-05-09,2526,Al Najma,Al Hazem,2,2
2026-05-10,2526,Al Ittihad,Damac,2,1
2026-05-10,2526,Al Riyadh,Al Fateh,1,0
2026-05-11,2526,Al Taawoun,Al Ahli,1,2
2026-05-11,2526,Neom SC,Al Shabab,2,1
2026-05-12,2526,Al Kholood,Al Okhdood,0,0
2026-05-12,2526,Al Nassr,Al Hilal,1,1
2026-05-14,2526,Al Ettifaq,Al Ittihad,1,3
2026-05-14,2526,Al Fateh,Al Najma,2,0
2026-05-14,2526,Al Qadsiah,Al Hazem,2,0
2026-05-15,2526,Al Taawoun,Al Riyadh,1,1
2026-05-15,2526,Damac,Al Fayha,3,0
2026-05-16,2526,Al Ahli,Al Kholood,3,0
2026-05-16,2526,Al Hilal,Neom SC,2,0
2026-05-16,2526,Al Okhdood,Al Khaleej,3,1
2026-05-17,2526,Al Shabab,Al Ittihad,3,2
2026-05-20,2526,Al Khaleej,Al Ahli,1,4
2026-05-20,2526,Al Najma,Al Shabab,1,0
2026-05-21,2526,Al Fayha,Al Hilal,0,1
2026-05-21,2526,Al Hazem,Al Taawoun,2,0
2026-05-21,2526,Al Ittihad,Al Qadsiah,1,5
2026-05-21,2526,Al Kholood,Al Fateh,0,0
2026-05-21,2526,Al Nassr,Damac,4,1
2026-05-21,2526,Al Riyadh,Al Okhdood,1,0
2026-05-21,2526,Neom SC,Al Ettifaq,1,1
